customer_id,recency,frequency,monetary,r_score,f_score,m_score,segment
C0001,228,4,1577.0494999999999,1,2,3,Hibernating
C0002,4,108,36079.972499999996,5,5,5,Champions
C0003,27,1,614.12,4,1,2,Promising
C0004,1,71,19390.2535,5,5,5,Champions
C0005,95,2,216.86,2,1,1,Hibernating
C0007,15,9,2559.884,4,4,4,Champions
C0008,93,3,702.79,2,2,2,Hibernating
C0009,22,8,1994.1385,4,4,3,Champions
C0010,4,15,4698.2985,5,5,5,Champions
C0011,4,6,1369.0895,5,3,3,Loyal
C0012,30,9,2201.4635,3,4,3,Loyal
C0013,8,19,5647.96,5,5,5,Champions
C0014,149,2,471.1585,1,1,1,Hibernating
C0015,5,95,27611.7725,5,5,5,Champions
C0016,11,23,7810.948,5,5,5,Champions
C0017,9,17,4548.5775,5,5,5,Champions
C0018,47,3,965.035,3,2,2,Regular
C0019,89,16,3158.5155,2,5,4,At Risk
C0020,2,10,2921.3945,5,4,4,Champions
C0022,27,11,2962.7625000000003,4,4,4,Champions
C0023,1,38,11170.2855,5,5,5,Champions
C0024,8,3,837.63,5,2,2,Promising
C0025,8,14,6096.9415,5,4,5,Champions
C0026,38,19,6032.98,3,5,5,Loyal
C0027,9,7,2942.9525,5,3,4,Loyal
C0028,98,8,2053.8215,2,4,3,At Risk
C0029,46,6,1759.437,3,3,3,Loyal
C0030,33,1,485.5,3,1,1,Regular
C0031,12,19,4974.8195,5,5,5,Champions
C0032,23,6,849.7995000000001,4,3,2,Loyal
C0033,6,10,3135.4845,5,4,4,Champions
C0034,23,13,5982.4529999999995,4,4,5,Champions
C0035,24,11,2594.877,4,4,4,Champions
C0036,329,2,627.414,1,1,2,Hibernating
C0037,13,10,2299.719,4,4,4,Champions
C0038,240,5,1479.6680000000001,1,3,3,Regular
C0039,89,1,39.1595,2,1,1,Hibernating
C0040,116,9,2950.218,1,4,4,At Risk
C0042,95,4,1562.5665,2,2,3,Hibernating
C0043,12,11,3753.6775,5,4,4,Champions
C0044,7,8,1648.4254999999998,5,4,3,Champions
C0045,26,6,2206.7200000000003,4,3,3,Loyal
C0046,25,2,264.49,4,1,1,Promising
C0047,48,1,432.84,3,1,1,Regular
C0048,61,6,2601.799,2,3,4,Regular
C0049,75,5,1605.972,2,3,3,Regular
C0050,6,13,5100.509,5,4,5,Champions
C0051,33,3,678.962,3,2,2,Regular
C0053,8,8,2366.0185,5,4,4,Champions
C0054,228,2,784.97,1,1,2,Hibernating
C0055,46,5,3132.326,3,3,4,Loyal
C0056,14,1,33.291000000000004,4,1,1,Promising
C0057,1,62,16247.2205,5,5,5,Champions
C0058,18,8,4075.415,4,4,4,Champions
C0059,51,4,478.09900000000005,3,2,1,Regular
C0060,35,26,7694.5065,3,5,5,Loyal
C0061,98,10,2366.6065,2,4,4,At Risk
C0062,1,6,2424.393,5,3,4,Loyal
C0063,7,30,9823.7405,5,5,5,Champions
C0065,83,7,1639.4325,2,3,3,Regular
C0066,75,14,3654.1854999999996,2,5,4,At Risk
C0067,44,2,554.892,3,1,1,Regular
C0068,27,4,1354.5575,4,2,3,Promising
C0069,2,11,2541.006,5,4,4,Champions
C0070,81,7,2104.614,2,3,3,Regular
C0071,16,14,3115.8230000000003,4,5,4,Champions
C0072,1,2,725.5925,5,1,2,Promising
C0073,174,2,1442.455,1,1,3,Hibernating
C0074,68,6,2682.1730000000002,2,3,4,Regular
C0075,13,22,8562.522,4,5,5,Champions
C0076,431,2,207.41900000000004,1,1,1,Hibernating
C0077,12,4,846.77,4,2,2,Promising
C0078,88,13,3732.455,2,4,4,At Risk
C0079,28,1,281.18,4,1,1,Promising
C0080,18,15,4571.579,4,5,5,Champions
C0081,128,5,1185.0515,1,3,2,Regular
C0082,18,8,2084.7505,4,4,3,Champions
C0084,160,6,3072.704,1,3,4,Regular
C0085,2,8,1960.905,5,4,3,Champions
C0086,35,10,3887.9705,3,4,4,Loyal
C0087,18,11,4592.672,4,4,5,Champions
C0088,66,2,708.082,2,1,2,Hibernating
C0090,337,1,87.533,1,1,1,Hibernating
C0091,6,13,2953.6095,5,4,4,Champions
C0092,240,2,874.7840000000001,1,1,2,Hibernating
C0094,77,17,3852.303,2,5,4,At Risk
C0095,73,1,288.116,2,1,1,Hibernating
C0096,425,1,843.54,1,1,2,Hibernating
C0097,64,5,1313.6325,2,3,3,Regular
C0098,81,3,410.13250000000005,2,2,1,Hibernating
C0099,152,4,1166.3135000000002,1,2,2,Hibernating
C0100,30,4,743.568,3,2,2,Regular
C0101,104,6,2014.817,2,3,3,Regular
C0102,134,4,1959.92,1,2,3,Hibernating
C0103,23,3,1147.0855000000001,4,2,2,Promising
C0104,43,3,801.253,3,2,2,Regular
C0105,50,11,3804.1605,3,4,4,Loyal
C0106,4,6,2075.3534999999997,5,3,3,Loyal
C0107,10,37,10619.5055,5,5,5,Champions
C0108,13,8,2355.209,4,4,4,Champions
C0109,134,14,4658.8735,1,5,5,At Risk
C0110,146,3,1225.814,1,2,2,Hibernating
C0111,14,4,820.5,4,2,2,Promising
C0112,9,5,868.639,5,3,2,Loyal
C0113,22,2,232.92950000000002,4,1,1,Promising
C0114,3,5,2456.719,5,3,4,Loyal
C0115,167,6,1020.4825,1,3,2,Regular
C0116,2,18,5254.285,5,5,5,Champions
C0117,522,1,793.5899999999999,1,1,2,Hibernating
C0118,2,11,2391.37,5,4,4,Champions
C0119,21,12,5091.2080000000005,4,4,5,Champions
C0120,38,1,421.85,3,1,1,Regular
C0121,168,2,409.36,1,1,1,Hibernating
C0123,16,34,10013.6065,4,5,5,Champions
C0124,20,18,4847.888,4,5,5,Champions
C0125,2,71,26744.137,5,5,5,Champions
C0126,60,1,73.08,2,1,1,Hibernating
C0127,67,3,1046.201,2,2,2,Hibernating
C0128,5,3,500.33549999999997,5,2,1,Promising
C0129,91,7,2181.069,2,3,3,Regular
C0130,3,50,15848.098,5,5,5,Champions
C0131,30,9,3224.719,3,4,4,Loyal
C0133,1,30,10955.7075,5,5,5,Champions
C0134,51,2,211.442,3,1,1,Regular
C0135,83,3,1560.402,2,2,3,Hibernating
C0136,62,1,205.84449999999998,2,1,1,Hibernating
C0137,198,1,39.1595,1,1,1,Hibernating
C0138,73,1,169.48,2,1,1,Hibernating
C0139,41,12,3848.466,3,4,4,Loyal
C0140,3,14,3346.0595,5,5,4,Champions
C0141,22,13,3454.5905,4,4,4,Champions
C0142,39,3,1020.33,3,2,2,Regular
C0143,23,30,9213.8555,4,5,5,Champions
C0144,46,26,8393.1485,3,5,5,Loyal
C0145,5,15,6431.201,5,5,5,Champions
C0146,104,5,828.3195000000001,2,3,2,Regular
C0147,51,9,2769.8565,3,4,4,Loyal
C0149,16,6,1187.762,4,3,2,Loyal
C0150,14,3,351.3355,4,2,1,Promising
C0151,54,3,307.69,3,2,1,Regular
C0152,50,3,1445.2395,3,2,3,Regular
C0153,6,24,6793.969,5,5,5,Champions
C0154,203,5,1659.3245000000002,1,3,3,Regular
C0155,93,1,62.7,2,1,1,Hibernating
C0156,36,22,7743.7235,3,5,5,Loyal
C0157,15,4,1842.8100000000002,4,2,3,Promising
C0158,37,3,1439.2530000000002,3,2,3,Regular
C0159,172,1,245.70000000000002,1,1,1,Hibernating
C0160,93,5,660.86,2,3,2,Regular
C0161,137,2,394.948,1,1,1,Hibernating
C0162,4,7,1548.357,5,3,3,Loyal
C0163,106,3,507.14000000000004,2,2,1,Hibernating
C0164,46,27,7400.901000000001,3,5,5,Loyal
C0166,39,14,2943.4045,3,5,4,Loyal
C0167,1,2,731.6600000000001,5,1,2,Promising
C0168,39,7,1023.343,3,3,2,Loyal
C0169,231,2,2270.256,1,1,3,Hibernating
C0170,135,1,464.98,1,1,1,Hibernating
C0171,3,39,12056.7035,5,5,5,Champions
C0172,176,4,1313.474,1,2,3,Hibernating
C0173,13,4,877.923,4,2,2,Promising
C0174,78,3,892.0504999999999,2,2,2,Hibernating
C0175,8,11,3167.121,5,4,4,Champions
C0176,7,5,2524.1515,5,3,4,Loyal
C0177,88,5,2519.2115,2,3,4,Regular
C0178,156,1,483.0179999999999,1,1,1,Hibernating
C0179,25,16,3861.77,4,5,4,Champions
C0181,38,9,1880.753,3,4,3,Loyal
C0182,6,15,4925.6735,5,5,5,Champions
C0183,12,11,4492.67,4,4,5,Champions
C0184,3,3,1590.3374999999999,5,2,3,Promising
C0185,12,21,6719.4025,4,5,5,Champions
C0186,18,10,2390.674,4,4,4,Champions
C0187,36,10,2524.691,3,4,4,Loyal
C0188,7,5,1471.5755,5,3,3,Loyal
C0189,20,2,249.19099999999997,4,1,1,Promising
C0190,30,20,9273.75,3,5,5,Loyal
C0191,55,10,3592.5860000000002,2,4,4,At Risk
C0192,40,3,2228.511,3,2,3,Regular
C0193,232,3,434.57,1,2,1,Hibernating
C0194,15,6,3316.16,4,3,4,Loyal
C0195,27,38,14058.1425,4,5,5,Champions
C0196,24,3,591.448,4,2,2,Promising
C0197,11,1,315.35,5,1,1,Promising
C0198,372,3,608.356,1,2,2,Hibernating
C0199,54,4,2446.61,3,2,4,Regular
C0201,37,14,5489.6505,3,5,5,Loyal
C0202,61,3,641.7520000000001,2,2,2,Hibernating
C0203,16,33,9698.979,4,5,5,Champions
C0205,109,1,54.6,2,1,1,Hibernating
C0206,49,4,1368.3780000000002,3,2,3,Regular
C0207,116,3,573.275,1,2,2,Hibernating
C0208,2,64,18451.049,5,5,5,Champions
C0210,235,2,397.48,1,1,1,Hibernating
C0211,80,1,43.68000000000001,2,1,1,Hibernating
C0212,264,2,292.93,1,1,1,Hibernating
C0213,13,14,3595.8085,4,5,4,Champions
C0214,37,3,429.2995,3,2,1,Regular
C0215,144,3,1336.193,1,2,3,Hibernating
C0216,56,1,128.77,2,1,1,Hibernating
C0217,23,4,2298.629,4,2,4,Promising
C0218,1,7,1731.5149999999999,5,3,3,Loyal
C0219,4,30,10822.283,5,5,5,Champions
C0220,11,4,1096.942,5,2,2,Promising
C0222,37,4,817.597,3,2,2,Regular
C0223,22,7,4109.581,4,3,4,Loyal
C0224,16,13,4458.3755,4,4,5,Champions
C0225,54,5,2463.687,3,3,4,Loyal
C0226,7,7,2000.449,5,3,3,Loyal
C0227,1,3,1430.8600000000001,5,2,3,Promising
C0228,2,4,1111.65,5,2,2,Promising
C0229,156,2,259.712,1,1,1,Hibernating
C0230,130,1,105.332,1,1,1,Hibernating
C0231,12,1,1685.3999999999999,4,1,3,Promising
C0232,21,2,272.14500000000004,4,1,1,Promising
C0233,235,3,1232.8944999999999,1,2,3,Hibernating
C0234,1,206,53463.5735,5,5,5,Champions
C0235,318,1,91.7,1,1,1,Hibernating
C0236,157,5,941.7395000000001,1,3,2,Regular
C0237,18,19,5643.403,4,5,5,Champions
C0238,54,7,1143.567,3,3,2,Loyal
C0239,92,10,3778.276,2,4,4,At Risk
C0240,49,5,1289.758,3,3,3,Loyal
C0241,76,2,568.6724999999999,2,1,1,Hibernating
C0242,51,4,671.7075,3,2,2,Regular
C0243,385,1,25.85,1,1,1,Hibernating
C0244,50,2,116.46700000000001,3,1,1,Regular
C0245,12,7,3976.0775000000003,4,3,4,Loyal
C0246,30,11,2452.6485,3,4,4,Loyal
C0247,1,53,17929.6155,5,5,5,Champions
C0248,354,4,1381.742,1,2,3,Hibernating
C0249,23,6,2886.998,4,3,4,Loyal
C0250,279,3,1382.087,1,2,3,Hibernating
C0251,1,30,10777.2935,5,5,5,Champions
C0252,15,27,6286.6635,4,5,5,Champions
C0253,4,5,2692.1314999999995,5,3,4,Loyal
C0254,125,2,343.34049999999996,1,1,1,Hibernating
C0255,16,33,11001.2135,4,5,5,Champions
C0256,44,4,1397.913,3,2,3,Regular
C0257,29,3,1716.207,3,2,3,Regular
C0258,15,22,5489.815,4,5,5,Champions
C0259,204,3,722.313,1,2,2,Hibernating
C0260,10,17,4257.9845000000005,5,5,5,Champions
C0261,40,1,548.68,3,1,1,Regular
C0263,65,3,822.34,2,2,2,Hibernating
C0264,30,9,1841.2749999999999,3,4,3,Loyal
C0265,17,23,6154.636,4,5,5,Champions
C0266,92,2,674.632,2,1,2,Hibernating
C0267,78,2,289.527,2,1,1,Hibernating
C0268,243,2,354.624,1,1,1,Hibernating
C0269,17,2,125.5605,4,1,1,Promising
C0271,102,1,220.34,2,1,1,Hibernating
C0272,632,1,370.296,1,1,1,Hibernating
C0273,13,2,612.66,4,1,2,Promising
C0274,37,21,9486.904,3,5,5,Loyal
C0275,1,54,17197.268,5,5,5,Champions
C0277,284,1,223.91100000000003,1,1,1,Hibernating
C0278,69,4,841.1465,2,2,2,Hibernating
C0279,5,20,4689.485,5,5,5,Champions
C0280,138,4,1023.097,1,2,2,Hibernating
C0281,6,26,5941.4195,5,5,5,Champions
C0282,54,14,4507.8705,3,5,5,Loyal
C0283,59,6,2223.182,2,3,3,Regular
C0284,6,14,4828.3085,5,5,5,Champions
C0285,47,5,1290.4095,3,3,3,Loyal
C0286,8,47,13047.563,5,5,5,Champions
C0287,19,6,2735.5045,4,3,4,Loyal
C0288,400,1,583.16,1,1,2,Hibernating
C0289,24,8,2448.11,4,4,4,Champions
C0290,45,7,1851.0210000000002,3,3,3,Loyal
C0291,18,6,1861.6570000000002,4,3,3,Loyal
C0292,40,3,1197.4830000000002,3,2,2,Regular
C0293,87,13,3873.4025,2,4,4,At Risk
C0295,10,8,2599.9395,5,4,4,Champions
C0296,60,9,3199.85,2,4,4,At Risk
C0297,236,1,61.93,1,1,1,Hibernating
C0298,154,10,2734.6625,1,4,4,At Risk
C0299,96,10,3326.422,2,4,4,At Risk
C0300,27,3,498.7205,4,2,1,Promising
C0301,180,6,1464.4115,1,3,3,Regular
C0302,34,18,4670.1985,3,5,5,Loyal
C0303,42,3,928.742,3,2,2,Regular
C0304,37,4,1414.844,3,2,3,Regular
C0305,13,4,707.51,4,2,2,Promising
C0306,46,17,4610.4415,3,5,5,Loyal
C0307,27,2,580.7729999999999,4,1,2,Promising
C0309,27,2,532.21,4,1,1,Promising
C0310,32,5,1895.109,3,3,3,Loyal
C0311,63,3,1171.7275,2,2,2,Hibernating
C0312,59,1,337.08,2,1,1,Hibernating
C0313,20,18,4798.2295,4,5,5,Champions
C0314,94,12,3772.22,2,4,4,At Risk
C0316,106,5,739.163,2,3,2,Regular
C0317,15,4,3204.6025,4,2,4,Promising
C0318,13,52,17306.5695,4,5,5,Champions
C0319,127,1,831.12,1,1,2,Hibernating
C0320,32,8,4501.046,3,4,5,Loyal
C0321,10,3,877.1959999999999,5,2,2,Promising
C0322,2,23,7360.2365,5,5,5,Champions
C0323,73,3,1249.875,2,2,3,Hibernating
C0324,51,16,5870.537,3,5,5,Loyal
C0325,123,3,971.649,1,2,2,Hibernating
C0326,32,9,1603.5839999999998,3,4,3,Loyal
C0327,6,12,2909.6459999999997,5,4,4,Champions
C0328,44,9,3450.3675,3,4,4,Loyal
C0329,20,2,873.1179999999999,4,1,2,Promising
C0330,63,2,242.68400000000003,2,1,1,Hibernating
C0331,226,2,228.79999999999998,1,1,1,Hibernating
C0332,3,67,21797.5555,5,5,5,Champions
C0333,277,1,98.217,1,1,1,Hibernating
C0334,267,3,320.471,1,2,1,Hibernating
C0335,25,7,1801.9145,4,3,3,Loyal
C0336,18,14,3971.5624999999995,4,5,4,Champions
C0337,4,24,8744.3325,5,5,5,Champions
C0338,34,30,8252.7635,3,5,5,Loyal
C0339,15,11,2823.9955,4,4,4,Champions
C0340,111,3,2224.812,1,2,3,Hibernating
C0341,159,2,1228.41,1,1,2,Hibernating
C0342,80,6,1941.63,2,3,3,Regular
C0343,14,5,1304.873,4,3,3,Loyal
C0344,69,1,247.1,2,1,1,Hibernating
C0345,12,20,7217.5605,4,5,5,Champions
C0346,37,2,893.891,3,1,2,Regular
C0347,2,21,7796.5985,5,5,5,Champions
C0348,49,4,1302.4524999999999,3,2,3,Regular
C0349,185,7,1740.4685,1,3,3,Regular
C0350,30,4,2696.566,3,2,4,Regular
C0351,252,5,1466.9544999999998,1,3,3,Regular
C0352,76,2,932.387,2,1,2,Hibernating
C0353,104,17,5524.6945,2,5,5,At Risk
C0354,31,6,1684.511,3,3,3,Loyal
C0355,7,2,884.6980000000001,5,1,2,Promising
C0356,39,3,723.6134999999999,3,2,2,Regular
C0357,7,26,9199.8555,5,5,5,Champions
C0358,27,20,5670.0815,4,5,5,Champions
C0359,135,1,529.06,1,1,1,Hibernating
C0360,84,2,920.384,2,1,2,Hibernating
C0361,34,2,964.604,3,1,2,Regular
C0362,76,4,1636.7820000000002,2,2,3,Hibernating
C0363,12,14,3118.713,4,5,4,Champions
C0365,129,1,455.5,1,1,1,Hibernating
C0366,62,22,7637.573,2,5,5,At Risk
C0367,20,16,4175.781,4,5,4,Champions
C0368,11,17,5768.914,5,5,5,Champions
C0369,143,5,818.8895,1,3,2,Regular
C0370,37,5,1190.037,3,3,2,Loyal
C0371,39,11,4476.595,3,4,5,Loyal
C0372,1,383,120179.56049999999,5,5,5,Champions
C0373,54,1,1284.12,3,1,3,Regular
C0374,111,2,289.024,1,1,1,Hibernating
C0375,30,45,13104.265,3,5,5,Loyal
C0376,14,5,2422.3909999999996,4,3,4,Loyal
C0377,91,17,4587.1455,2,5,5,At Risk
C0378,24,1,54.36,4,1,1,Promising
C0379,5,13,3756.0344999999998,5,4,4,Champions
C0380,3,8,2662.199,5,4,4,Champions
C0381,12,7,2690.0460000000003,4,3,4,Loyal
C0382,55,11,2824.0725,2,4,4,At Risk
C0383,19,8,2111.5465,4,4,3,Champions
C0384,56,5,656.9885,2,3,2,Regular
C0385,257,2,239.64049999999997,1,1,1,Hibernating
C0386,31,4,1052.7515,3,2,2,Regular
C0387,3,3,1523.5900000000001,5,2,3,Promising
C0388,7,13,4881.8544999999995,5,4,5,Champions
C0389,6,10,2623.776,5,4,4,Champions
C0391,206,4,1425.474,1,2,3,Hibernating
C0392,160,13,5325.593,1,4,5,At Risk
C0393,7,77,23820.231,5,5,5,Champions
C0394,3,30,8713.7555,5,5,5,Champions
C0395,1,21,6226.0225,5,5,5,Champions
C0396,31,2,347.098,3,1,1,Regular
C0397,302,7,3319.4339999999997,1,3,4,Regular
C0398,18,9,1823.313,4,4,3,Champions
C0399,17,2,454.842,4,1,1,Promising
C0400,18,9,3483.7665,4,4,4,Champions
C0401,4,19,5163.225,5,5,5,Champions
C0402,2,4,1151.842,5,2,2,Promising
C0403,37,12,2738.5564999999997,3,4,4,Loyal
C0404,62,10,1659.156,2,4,3,At Risk
C0405,30,2,518.11,3,1,1,Regular
C0406,29,35,9867.6385,3,5,5,Loyal
C0407,214,1,394.782,1,1,1,Hibernating
C0408,218,1,216.36249999999998,1,1,1,Hibernating
C0409,96,1,145.18,2,1,1,Hibernating
C0410,195,3,680.2165,1,2,2,Hibernating
C0411,8,24,8421.18,5,5,5,Champions
C0412,151,6,2536.402,1,3,4,Regular
C0413,154,1,46.07,1,1,1,Hibernating
C0414,34,2,139.17,3,1,1,Regular
C0415,118,1,267.25,1,1,1,Hibernating
C0416,54,4,1132.5,3,2,2,Regular
C0417,20,10,3613.815,4,4,4,Champions
C0418,129,8,3923.3395,1,4,4,At Risk
C0419,18,15,4383.939,4,5,5,Champions
C0420,375,2,168.14,1,1,1,Hibernating
C0421,231,4,1327.877,1,2,3,Hibernating
C0422,6,5,1611.2825,5,3,3,Loyal
C0423,7,3,1318.3210000000001,5,2,3,Promising
C0424,146,2,1750.4500000000003,1,1,3,Hibernating
C0425,75,4,281.464,2,2,1,Hibernating
C0426,26,15,5515.451,4,5,5,Champions
C0427,60,5,1526.908,2,3,3,Regular
C0428,116,1,70.4905,1,1,1,Hibernating
C0429,1,5,2830.212,5,3,4,Loyal
C0430,38,9,2883.925,3,4,4,Loyal
C0431,7,7,2510.767,5,3,4,Loyal
C0432,43,30,8542.7105,3,5,5,Loyal
C0433,313,2,720.1960000000001,1,1,2,Hibernating
C0434,63,2,1323.254,2,1,3,Hibernating
C0435,39,7,1670.7995,3,3,3,Loyal
C0436,178,8,2789.454,1,4,4,At Risk
C0437,51,3,644.66,3,2,2,Regular
C0438,11,13,4887.2795,5,4,5,Champions
C0439,58,2,1139.0720000000001,2,1,2,Hibernating
C0440,35,3,1051.985,3,2,2,Regular
C0441,60,2,389.597,2,1,1,Hibernating
C0443,65,6,2984.5364999999997,2,3,4,Regular
C0444,19,7,1941.337,4,3,3,Loyal
C0445,3,6,3370.618,5,3,4,Loyal
C0446,62,6,1051.069,2,3,2,Regular
C0447,16,8,2159.963,4,4,3,Champions
C0448,52,14,5432.8925,3,5,5,Loyal
C0450,128,2,419.358,1,1,1,Hibernating
C0451,53,21,9920.269,3,5,5,Loyal
C0452,194,2,273.724,1,1,1,Hibernating
C0453,1,1,382.54,5,1,1,Promising
C0454,112,2,276.83,1,1,1,Hibernating
C0455,17,2,558.431,4,1,1,Promising
C0456,8,22,7336.3305,5,5,5,Champions
C0457,185,7,1633.2745,1,3,3,Regular
C0458,39,6,949.1005,3,3,2,Loyal
C0459,216,1,1183.68,1,1,2,Hibernating
C0460,16,4,3008.5299999999997,4,2,4,Promising
C0461,53,3,455.634,3,2,1,Regular
C0462,19,3,1175.2019999999998,4,2,2,Promising
C0463,2,7,3039.815,5,3,4,Loyal
C0464,65,9,1647.2785,2,4,3,At Risk
C0465,103,12,4738.8835,2,4,5,At Risk
C0466,24,18,5866.9085,4,5,5,Champions
C0467,51,9,2426.6305,3,4,4,Loyal
C0469,1,3,807.1800000000001,5,2,2,Promising
C0470,343,1,337.69649999999996,1,1,1,Hibernating
C0471,32,19,6012.818,3,5,5,Loyal
C0472,106,10,3549.0645,2,4,4,At Risk
C0473,53,15,4830.788,3,5,5,Loyal
C0474,13,10,3051.235,4,4,4,Champions
C0475,174,9,2330.5099999999998,1,4,4,At Risk
C0476,183,1,21.91,1,1,1,Hibernating
C0477,85,3,1466.29,2,2,3,Hibernating
C0478,3,122,37680.937,5,5,5,Champions
C0479,33,1,169.056,3,1,1,Regular
C0480,15,2,306.94,4,1,1,Promising
C0481,54,3,1385.395,2,2,3,Hibernating
C0482,119,7,1948.373,1,3,3,Regular
C0483,6,3,1066.9575,5,2,2,Promising
C0484,231,5,2502.3089999999997,1,3,4,Regular
C0485,74,7,1732.025,2,3,3,Regular
C0486,432,1,187.002,1,1,1,Hibernating
C0487,6,6,1321.499,5,3,3,Loyal
C0488,6,3,1135.3020000000001,5,2,2,Promising
C0489,15,3,1236.5240000000001,4,2,3,Promising
C0490,39,7,1838.5215,3,3,3,Loyal
C0491,21,12,3488.9015,4,4,4,Champions
C0492,28,6,1619.732,4,3,3,Loyal
C0493,295,2,207.498,1,1,1,Hibernating
C0494,188,2,235.995,1,1,1,Hibernating
C0495,1,17,3675.567,5,5,4,Champions
C0496,185,7,1905.3065000000001,1,3,3,Regular
C0497,45,7,2202.9120000000003,3,3,3,Loyal
C0498,17,12,4009.6485,4,4,4,Champions
C0499,70,3,1127.152,2,2,2,Hibernating
C0500,22,40,10085.9195,4,5,5,Champions
C0501,43,2,447.44,3,1,1,Regular
C0502,18,2,733.0,4,1,2,Promising
C0503,20,8,2286.398,4,4,4,Champions
C0504,50,4,1426.1235000000001,3,2,3,Regular
C0505,11,33,7232.57,5,5,5,Champions
C0506,25,3,833.155,4,2,2,Promising
C0507,6,41,11061.767,5,5,5,Champions
C0508,220,4,1490.7995,1,2,3,Hibernating
C0509,38,4,1239.6689999999999,3,2,3,Regular
C0510,17,2,396.855,4,1,1,Promising
C0511,588,1,1142.64,1,1,2,Hibernating
C0512,18,24,9630.751,4,5,5,Champions
C0513,6,73,22950.1885,5,5,5,Champions
C0514,29,6,1757.049,3,3,3,Loyal
C0515,47,3,1406.5394999999999,3,2,3,Regular
C0516,8,7,2249.663,5,3,3,Loyal
C0517,50,3,565.456,3,2,1,Regular
C0518,19,12,2107.9145,4,4,3,Champions
C0519,10,7,2837.2845,5,3,4,Loyal
C0520,20,6,3012.4449999999997,4,3,4,Loyal
C0521,244,6,1182.6325,1,3,2,Regular
C0522,324,5,979.1355,1,3,2,Regular
C0523,5,10,1909.3195,5,4,3,Champions
C0524,85,6,2148.6910000000003,2,3,3,Regular
C0525,30,5,2145.5519999999997,3,3,3,Loyal
C0526,81,2,1226.6425,2,1,2,Hibernating
C0527,62,2,632.7385,2,1,2,Hibernating
C0528,53,2,407.05,3,1,1,Regular
C0529,222,4,1315.8500000000001,1,2,3,Hibernating
C0530,35,6,2239.451,3,3,3,Loyal
C0531,97,2,1302.683,2,1,3,Hibernating
C0532,148,3,498.1195,1,2,1,Hibernating
C0534,65,1,483.873,2,1,1,Hibernating
C0535,8,1,176.148,5,1,1,Promising
C0536,141,1,426.56399999999996,1,1,1,Hibernating
C0537,326,3,809.4200000000001,1,2,2,Hibernating
C0538,43,16,6019.7065,3,5,5,Loyal
C0539,109,2,645.5240000000001,2,1,2,Hibernating
C0540,7,8,1608.744,5,4,3,Champions
C0541,11,1,85.66,5,1,1,Promising
C0542,5,36,10538.515,5,5,5,Champions
C0543,191,2,670.7,1,1,2,Hibernating
C0544,120,1,449.70099999999996,1,1,1,Hibernating
C0545,51,2,666.783,3,1,2,Regular
C0546,31,18,5334.658,3,5,5,Loyal
C0547,188,2,457.42,1,1,1,Hibernating
C0548,11,7,1958.127,5,3,3,Loyal
C0549,17,14,4113.791,4,5,4,Champions
C0550,28,21,6150.1555,4,5,5,Champions
C0551,79,9,3458.0645,2,4,4,At Risk
C0552,211,1,116.144,1,1,1,Hibernating
C0554,21,8,2479.9345000000003,4,4,4,Champions
C0555,120,9,1605.382,1,4,3,At Risk
C0556,45,7,1872.9095,3,3,3,Loyal
C0558,10,3,875.0070000000001,5,2,2,Promising
C0559,58,4,1481.6299999999999,2,2,3,Hibernating
C0560,118,6,2278.7005,1,3,3,Regular
C0561,31,7,2500.652,3,3,4,Loyal
C0562,20,7,2682.122,4,4,4,Champions
C0564,109,3,279.4,1,2,1,Hibernating
C0565,19,7,2090.2215,4,4,3,Champions
C0566,55,2,348.22700000000003,2,1,1,Hibernating
C0567,12,26,9220.1935,4,5,5,Champions
C0569,156,5,1644.8895,1,3,3,Regular
C0570,14,4,1037.1154999999999,4,2,2,Promising
C0572,68,15,5586.674,2,5,5,At Risk
C0573,36,5,1689.0980000000002,3,3,3,Loyal
C0574,22,30,10500.1145,4,5,5,Champions
C0575,99,1,159.19,2,1,1,Hibernating
C0576,42,5,1141.734,3,3,2,Loyal
C0577,40,18,4836.899,3,5,5,Loyal
C0578,12,14,3246.3185,4,5,4,Champions
C0579,55,4,1003.8850000000001,2,2,2,Hibernating
C0580,7,7,4355.651,5,4,5,Champions
C0581,28,14,3516.5855,4,5,4,Champions
C0582,41,6,3061.8725,3,3,4,Loyal
C0583,91,2,1650.3779999999997,2,1,3,Hibernating
C0584,257,2,251.252,1,1,1,Hibernating
C0585,146,1,532.6560000000001,1,1,1,Hibernating
C0586,83,3,796.8595,2,2,2,Hibernating
C0587,184,1,339.625,1,1,1,Hibernating
C0588,105,4,1494.4119999999998,2,2,3,Hibernating
C0589,129,2,574.11,1,1,2,Hibernating
C0590,55,11,3409.902,2,4,4,At Risk
C0591,12,12,3825.917,4,4,4,Champions
C0592,10,15,3906.743,5,5,4,Champions
C0593,9,11,3585.4575000000004,5,4,4,Champions
C0594,10,3,1775.74,5,2,3,Promising
C0595,93,3,1305.265,2,2,3,Hibernating
C0596,31,5,1506.6055,3,3,3,Loyal
C0597,26,7,3002.975,4,4,4,Champions
C0598,67,10,4626.1695,2,4,5,At Risk
C0599,38,8,1731.7765,3,4,3,Loyal
C0600,29,9,2328.1435,3,4,4,Loyal
C0603,21,21,6325.712500000001,4,5,5,Champions
C0604,58,22,7405.6615,2,5,5,At Risk
C0605,1,82,29370.85,5,5,5,Champions
C0606,3,21,4412.4884999999995,5,5,5,Champions
C0607,49,12,1901.228,3,4,3,Loyal
C0608,212,12,2705.716,1,4,4,At Risk
C0609,4,6,1493.9675,5,3,3,Loyal
C0610,20,32,9861.2885,4,5,5,Champions
C0611,16,20,5315.7205,4,5,5,Champions
C0612,96,6,1908.8915,2,3,3,Regular
C0613,133,4,506.4815,1,2,1,Hibernating
C0614,64,1,303.875,2,1,1,Hibernating
C0615,6,4,1376.075,5,2,3,Promising
C0616,51,27,5836.1455,3,5,5,Loyal
C0617,6,37,11061.1145,5,5,5,Champions
C0618,76,3,616.7155,2,2,2,Hibernating
C0619,53,6,2982.9765,3,3,4,Loyal
C0620,145,6,1336.184,1,3,3,Regular
C0621,50,5,901.1495,3,3,2,Loyal
C0622,251,2,489.64,1,1,1,Hibernating
C0623,221,2,746.2204999999999,1,1,2,Hibernating
C0624,153,1,429.78,1,1,1,Hibernating
C0625,2,3,727.96,5,2,2,Promising
C0626,341,1,207.34699999999998,1,1,1,Hibernating
C0627,12,7,2746.841,4,4,4,Champions
C0628,14,18,5678.199,4,5,5,Champions
C0630,10,14,3431.2210000000005,5,5,4,Champions
C0631,34,4,907.5139999999999,3,2,2,Regular
C0632,75,1,135.3115,2,1,1,Hibernating
C0633,1,1,267.68,5,1,1,Promising
C0634,44,8,2955.2855,3,4,4,Loyal
C0635,85,12,3513.871,2,4,4,At Risk
C0636,27,9,2995.673,4,4,4,Champions
C0637,2,68,26426.583,5,5,5,Champions
C0638,99,5,1231.55,2,3,2,Regular
C0639,242,1,123.92,1,1,1,Hibernating
C0640,12,6,1356.4675,4,3,3,Loyal
C0641,110,3,435.63,1,2,1,Hibernating
C0642,25,7,2459.641,4,4,4,Champions
C0643,202,3,816.825,1,2,2,Hibernating
C0644,99,4,877.484,2,2,2,Hibernating
C0645,159,5,1387.3519999999999,1,3,3,Regular
C0646,36,6,1415.0365000000002,3,3,3,Loyal
C0647,85,5,1093.253,2,3,2,Regular
C0648,68,1,697.47,2,1,2,Hibernating
C0649,21,5,1264.03,4,3,3,Loyal
C0650,67,3,699.408,2,2,2,Hibernating
C0651,107,6,972.2425,2,3,2,Regular
C0652,15,9,3121.361,4,4,4,Champions
C0654,20,4,1350.637,4,2,3,Promising
C0656,16,18,7311.9355,4,5,5,Champions
C0657,34,2,830.268,3,1,2,Regular
C0658,73,7,2062.085,2,4,3,At Risk
C0659,179,2,237.07,1,1,1,Hibernating
C0660,75,2,774.54,2,1,2,Hibernating
C0661,17,5,835.957,4,3,2,Loyal
C0662,89,5,1234.6685,2,3,3,Regular
C0665,17,6,2671.776,4,3,4,Loyal
C0666,23,6,1954.015,4,3,3,Loyal
C0667,20,9,2332.063,4,4,4,Champions
C0668,13,10,1785.6860000000001,4,4,3,Champions
C0669,77,1,428.92199999999997,2,1,1,Hibernating
C0670,63,9,3397.522,2,4,4,At Risk
C0672,14,17,4480.2935,4,5,5,Champions
C0673,131,8,1969.4540000000002,1,4,3,At Risk
C0674,182,1,251.30349999999996,1,1,1,Hibernating
C0675,92,1,46.07,2,1,1,Hibernating
C0676,2,24,5001.427,5,5,5,Champions
C0677,91,3,701.157,2,2,2,Hibernating
C0678,140,8,1838.7055,1,4,3,At Risk
C0679,7,25,9921.282000000001,5,5,5,Champions
C0680,41,5,1261.714,3,3,3,Loyal
C0681,8,8,2577.2905,5,4,4,Champions
C0682,260,5,548.851,1,3,1,Regular
C0683,40,14,4823.319,3,5,5,Loyal
C0684,1,9,2891.999,5,4,4,Champions
C0685,49,3,779.486,3,2,2,Regular
C0687,111,2,242.8265,1,1,1,Hibernating
C0688,16,6,1810.0729999999999,4,3,3,Loyal
C0689,108,8,1581.622,2,4,3,At Risk
C0690,31,1,395.92,3,1,1,Regular
C0691,5,3,1783.0610000000001,5,2,3,Promising
C0692,30,6,1635.949,3,3,3,Loyal
C0693,41,21,4822.1395,3,5,5,Loyal
C0694,104,3,589.02,2,2,2,Hibernating
C0695,37,6,1540.591,3,3,3,Loyal
C0696,38,1,268.74,3,1,1,Regular
C0697,48,5,2203.0195,3,3,3,Loyal
C0698,19,4,1957.993,4,2,3,Promising
C0699,50,4,633.086,3,2,2,Regular
C0700,12,5,951.01,4,3,2,Loyal
C0702,70,3,1186.16,2,2,2,Hibernating
C0703,23,2,1229.59,4,1,2,Promising
C0706,4,12,3621.864,5,4,4,Champions
C0707,1,18,5223.2155,5,5,5,Champions
C0708,51,18,4367.3589999999995,3,5,5,Loyal
C0709,76,2,839.5040000000001,2,1,2,Hibernating
C0710,8,8,1842.0235,5,4,3,Champions
C0711,47,14,5220.659,3,5,5,Loyal
C0712,90,1,306.698,2,1,1,Hibernating
C0713,74,2,272.39,2,2,1,Hibernating
C0714,7,58,17559.0675,5,5,5,Champions
C0715,14,20,4956.774,4,5,5,Champions
C0716,29,2,189.06300000000002,3,2,1,Regular
C0717,17,12,2674.075,4,4,4,Champions
C0718,51,4,2073.238,3,2,3,Regular
C0719,57,3,1681.064,2,2,3,Hibernating
C0720,38,1,337.08,3,1,1,Regular
C0721,26,6,2142.242,4,3,3,Loyal
C0722,43,1,206.3375,3,1,1,Regular
C0723,97,3,1115.5904999999998,2,2,2,Hibernating
C0724,202,9,2741.082,1,4,4,At Risk
C0725,132,10,3561.4139999999998,1,4,4,At Risk
C0726,2,3,272.8295,5,2,1,Promising
C0727,32,4,2012.4910000000002,3,2,3,Regular
C0728,3,24,6009.869000000001,5,5,5,Champions
C0729,23,6,1652.781,4,3,3,Loyal
C0730,30,3,658.86,3,2,2,Regular
C0731,32,5,1045.815,3,3,2,Loyal
C0732,53,9,2324.9215,3,4,4,Loyal
C0733,87,5,1027.8605,2,3,2,Regular
C0734,27,6,1767.763,4,3,3,Loyal
C0735,10,1,144.83,5,1,1,Promising
C0736,393,2,754.7719999999999,1,2,2,Hibernating
C0737,34,3,893.62,3,2,2,Regular
C0738,22,14,5086.5345,4,5,5,Champions
C0739,28,6,2117.1220000000003,4,3,3,Loyal
C0740,115,8,2598.9024999999997,1,4,4,At Risk
C0741,30,9,5009.892,3,4,5,Loyal
C0742,5,42,12361.906,5,5,5,Champions
C0743,2,23,7631.625,5,5,5,Champions
C0744,10,5,2338.376,5,3,4,Loyal
C0745,42,12,4586.706,3,4,5,Loyal
C0746,3,7,579.7795,5,4,2,Champions
C0747,20,4,529.153,4,3,1,Loyal
C0749,39,8,1744.1509999999998,3,4,3,Loyal
C0750,85,1,103.67349999999999,2,1,1,Hibernating
C0751,13,3,622.319,4,2,2,Promising
C0752,71,2,1170.032,2,2,2,Hibernating
C0753,5,17,5089.407499999999,5,5,5,Champions
C0754,14,14,2428.631,4,5,4,Champions
C0756,16,8,3454.1435,4,4,4,Champions
C0757,125,10,1650.1605000000002,1,4,3,At Risk
C0758,223,7,1739.2324999999998,1,4,3,At Risk
C0759,38,5,1458.6845,3,3,3,Loyal
C0760,1,52,17499.4645,5,5,5,Champions
C0763,100,1,214.89,2,1,1,Hibernating
C0764,45,4,581.9605,3,3,2,Loyal
C0765,149,2,822.0239999999999,1,2,2,Hibernating
C0766,87,7,1595.3664999999999,2,4,3,At Risk
C0767,76,14,4817.521,2,5,5,At Risk
C0768,4,6,1433.7740000000001,5,3,3,Loyal
C0769,25,10,3203.6279999999997,4,4,4,Champions
C0770,107,15,3000.98,2,5,4,At Risk
C0771,106,27,6150.693,2,5,5,At Risk
C0772,10,18,7180.947999999999,5,5,5,Champions
C0773,41,2,310.4695,3,2,1,Regular
C0774,37,1,230.61249999999998,3,1,1,Regular
C0775,163,8,3805.9579999999996,1,4,4,At Risk
C0776,12,3,386.68149999999997,4,2,1,Promising
C0778,112,2,930.4680000000001,1,2,2,Hibernating
C0779,87,16,5507.7335,2,5,5,At Risk
C0780,68,7,3386.3700000000003,2,4,4,At Risk
C0781,2,4,1026.689,5,3,2,Loyal
C0782,17,6,1072.1925,4,3,2,Loyal
C0783,152,1,197.68,1,1,1,Hibernating
C0785,625,1,110.5935,1,1,1,Hibernating
C0786,136,4,981.5315,1,3,2,Regular
C0787,62,1,123.92,2,1,1,Hibernating
C0788,30,11,3219.757,3,4,4,Loyal
C0789,178,3,156.39350000000002,1,2,1,Hibernating
C0790,162,4,856.4264999999999,1,3,2,Regular
C0791,93,12,2428.1330000000003,2,4,4,At Risk
C0792,58,14,4459.2345,2,5,5,At Risk
C0793,52,5,851.407,3,3,2,Loyal
C0794,21,11,3266.5395,4,4,4,Champions
C0795,42,14,5211.7425,3,5,5,Loyal
C0796,9,14,3131.4295,5,5,4,Champions
C0797,10,27,6777.664,5,5,5,Champions
C0798,79,7,1562.017,2,4,3,At Risk
C0799,6,12,2755.4515,5,4,4,Champions
C0800,18,6,917.433,4,3,2,Loyal
C0801,10,1,438.68999999999994,5,1,1,Promising
C0802,87,5,920.9019999999999,2,3,2,Regular
C0804,516,1,91.52,1,1,1,Hibernating
C0806,4,18,5009.751,5,5,5,Champions
C0807,394,3,828.731,1,2,2,Hibernating
C0808,113,5,2015.54,1,3,3,Regular
C0809,85,8,3075.674,2,4,4,At Risk
C0810,28,11,3588.667,4,4,4,Champions
C0811,86,3,573.2085,2,2,1,Hibernating
C0812,11,27,8434.3395,5,5,5,Champions
C0814,10,9,2760.7985000000003,5,4,4,Champions
C0816,21,6,986.855,4,3,2,Loyal
C0817,51,1,843.7,3,1,2,Regular
C0818,10,20,5241.49,5,5,5,Champions
C0819,15,3,686.95,4,2,2,Promising
C0820,14,4,835.67,4,3,2,Loyal
C0821,30,4,1114.5729999999999,3,3,2,Loyal
C0822,85,1,591.84,2,1,2,Hibernating
C0823,79,8,2029.051,2,4,3,At Risk
C0824,48,34,10440.948,3,5,5,Loyal
C0825,3,21,6041.7785,5,5,5,Champions
C0826,8,28,8656.496,5,5,5,Champions
C0827,25,2,553.0709999999999,4,2,1,Promising
C0829,39,5,3120.5,3,3,4,Loyal
C0830,21,2,432.33,4,2,1,Promising
C0831,72,2,493.94199999999995,2,2,1,Hibernating
C0832,22,16,4629.3265,4,5,5,Champions
C0833,4,6,3389.6225,5,3,4,Loyal
C0834,290,2,249.192,1,2,1,Hibernating
C0835,89,2,436.7025,2,2,1,Hibernating
C0836,122,9,1662.501,1,4,3,At Risk
C0837,176,3,747.412,1,2,2,Hibernating
C0839,28,25,8953.114,4,5,5,Champions
C0840,154,2,957.6365,1,2,2,Hibernating
C0841,132,7,1123.6725000000001,1,4,2,At Risk
C0842,3,82,23231.364999999998,5,5,5,Champions
C0843,86,7,3293.2055,2,4,4,At Risk
C0844,55,6,2769.5755,2,3,4,Regular
C0845,1,24,5424.213,5,5,5,Champions
C0846,10,4,1305.285,5,3,3,Loyal
C0847,5,25,6743.32,5,5,5,Champions
C0848,51,1,382.54,3,1,1,Regular
C0849,11,10,3167.6735,5,4,4,Champions
C0850,54,6,2200.9445,2,3,3,Regular
C0851,124,1,498.672,1,1,1,Hibernating
C0852,4,37,10963.3465,5,5,5,Champions
C0853,55,6,2080.978,2,3,3,Regular
C0854,93,1,357.5,2,1,1,Hibernating
C0855,204,2,856.98,1,2,2,Hibernating
C0856,10,3,487.49749999999995,5,2,1,Promising
C0857,329,3,733.2149999999999,1,2,2,Hibernating
C0858,61,4,1235.6100000000001,2,3,3,Regular
C0860,59,4,872.8725,2,3,2,Regular
C0861,1,10,3304.9315,5,4,4,Champions
C0862,118,5,2153.2925,1,3,3,Regular
C0863,185,2,464.02000000000004,1,2,1,Hibernating
C0864,150,9,3887.9835,1,4,4,At Risk
C0865,18,2,329.72,4,2,1,Promising
C0866,13,1,169.9915,4,1,1,Promising
C0867,1,8,2504.67,5,4,4,Champions
C0868,3,10,5307.6685,5,4,5,Champions
C0869,35,17,3724.977,3,5,4,Loyal
C0870,107,8,3138.1315,2,4,4,At Risk
C0871,185,4,1109.974,1,3,2,Regular
C0872,3,3,622.266,5,2,2,Promising
C0873,15,9,2589.5444999999995,4,4,4,Champions
C0874,13,11,2369.2805,4,4,4,Champions
C0875,87,3,1212.6474999999998,2,2,2,Hibernating
C0876,36,21,7796.836,3,5,5,Loyal
C0877,50,4,591.1505,3,3,2,Loyal
C0878,45,12,5495.417,3,4,5,Loyal
C0880,2,36,13388.732,5,5,5,Champions
C0881,80,4,1006.888,2,3,2,Regular
C0882,21,6,1648.2175,4,3,3,Loyal
C0883,49,7,1795.0330000000001,3,4,3,Loyal
C0884,224,5,1587.1184999999998,1,3,3,Regular
C0886,3,22,7193.6295,5,5,5,Champions
C0887,44,1,159.664,3,1,1,Regular
C0888,9,5,1106.82,5,3,2,Loyal
C0889,319,6,2010.71,1,3,3,Regular
C0890,5,1,437.81800000000004,5,1,1,Promising
C0891,31,16,5284.0815,3,5,5,Loyal
C0892,160,7,2013.03,1,4,3,At Risk
C0893,72,1,160.52400000000003,2,1,1,Hibernating
C0894,2,4,1516.148,5,3,3,Loyal
C0895,57,6,2724.5159999999996,2,3,4,Regular
C0896,32,3,1284.011,3,2,3,Regular
C0897,105,2,265.24649999999997,2,2,1,Hibernating
C0898,28,4,923.2560000000001,4,3,2,Loyal
C0899,87,3,649.076,2,2,2,Hibernating
C0900,27,2,457.63199999999995,4,2,1,Promising
C0901,132,5,881.8665,1,3,2,Regular
C0902,17,4,1076.961,4,3,2,Loyal
C0903,4,9,2861.6059999999998,5,4,4,Champions
C0904,105,2,935.7089999999998,2,2,2,Hibernating
C0905,141,12,5142.684,1,4,5,At Risk
C0906,101,1,178.36,2,1,1,Hibernating
C0907,67,15,4829.373,2,5,5,At Risk
C0908,14,13,4695.3275,4,4,5,Champions
C0909,47,14,6015.5105,3,5,5,Loyal
C0910,57,1,349.19,2,1,1,Hibernating
C0911,36,4,1202.1235,3,3,2,Loyal
C0912,79,6,2889.004,2,3,4,Regular
C0913,10,8,2987.2999999999997,5,4,4,Champions
C0914,67,1,264.53,2,1,1,Hibernating
C0915,106,12,3506.9145000000003,2,4,4,At Risk
C0916,50,1,160.27200000000002,3,1,1,Regular
C0917,38,13,3717.3675,3,4,4,Loyal
C0918,7,37,12619.5255,5,5,5,Champions
C0919,32,1,233.18899999999996,3,1,1,Regular
C0920,20,10,3906.9390000000003,4,4,4,Champions
C0921,149,3,786.8000000000001,1,2,2,Hibernating
C0922,278,3,781.4399999999999,1,2,2,Hibernating
C0923,98,7,3960.105,2,4,4,At Risk
C0924,37,11,4354.9385,3,4,5,Loyal
C0925,24,7,3011.4269999999997,4,4,4,Champions
C0926,25,4,1067.54,4,3,2,Loyal
C0927,39,2,170.334,3,2,1,Regular
C0928,25,6,1832.086,4,3,3,Loyal
C0929,36,17,4421.282999999999,3,5,5,Loyal
C0930,7,9,4325.5165,5,4,5,Champions
C0932,15,11,3126.9915,4,4,4,Champions
C0933,4,24,7316.15,5,5,5,Champions
C0934,10,2,571.73,5,2,1,Promising
C0935,12,13,3475.6059999999998,4,4,4,Champions
C0936,134,5,1684.3925000000002,1,3,3,Regular
C0937,57,16,4878.1894999999995,2,5,5,At Risk
C0938,164,2,298.5065,1,2,1,Hibernating
C0939,3,1,54.36,5,1,1,Promising
C0940,105,5,972.846,2,3,2,Regular
C0941,38,2,500.53,3,2,1,Regular
C0942,197,3,1031.501,1,2,2,Hibernating
C0943,365,3,301.64,1,2,1,Hibernating
C0944,14,37,8412.691,4,5,5,Champions
C0945,31,5,627.131,3,3,2,Loyal
C0946,16,6,1765.291,4,3,3,Loyal
C0947,24,8,1566.8355,4,4,3,Champions
C0948,100,2,169.14999999999998,2,2,1,Hibernating
C0949,122,7,1087.6025,1,4,2,At Risk
C0950,142,7,877.09,1,4,2,At Risk
C0951,124,3,1055.045,1,2,2,Hibernating
C0952,198,2,393.71500000000003,1,2,1,Hibernating
C0954,26,8,2291.02,4,4,4,Champions
C0955,2,91,25616.484,5,5,5,Champions
C0956,92,4,1419.7155,2,3,3,Regular
C0957,231,8,1628.155,1,4,3,At Risk
C0958,46,3,874.0160000000001,3,2,2,Regular
C0959,6,39,9214.2825,5,5,5,Champions
C0960,74,7,2865.3469999999998,2,4,4,At Risk
C0961,180,1,145.18,1,1,1,Hibernating
C0962,61,9,2196.0370000000003,2,4,3,At Risk
C0963,69,3,424.313,2,2,1,Hibernating
C0964,7,23,8121.4884999999995,5,5,5,Champions
C0965,157,4,807.6019999999999,1,3,2,Regular
C0966,29,14,5966.3460000000005,3,5,5,Loyal
C0967,29,12,3568.576,3,4,4,Loyal
C0968,23,5,2289.625,4,3,4,Loyal
C0969,106,2,482.31600000000003,2,2,1,Hibernating
C0970,133,11,3621.4645,1,4,4,At Risk
C0971,183,6,1177.0140000000001,1,3,2,Regular
C0972,80,4,823.8330000000001,2,3,2,Regular
C0973,166,5,2024.579,1,3,3,Regular
C0974,37,8,2642.3685,3,4,4,Loyal
C0975,69,6,2431.346,2,3,4,Regular
C0976,120,4,991.399,1,3,2,Regular
C0977,59,14,4227.152,2,5,5,At Risk
C0978,64,3,1670.9279999999999,2,2,3,Hibernating
C0979,124,7,1058.7175,1,4,2,At Risk
C0980,55,2,796.472,2,2,2,Hibernating
C0981,7,6,1236.3629999999998,5,3,3,Loyal
C0982,30,10,3531.397,3,4,4,Loyal
C0983,82,7,1264.4070000000002,2,4,3,At Risk
C0984,51,10,3797.1724999999997,3,4,4,Loyal
C0985,135,2,166.8095,1,2,1,Hibernating
C0986,39,9,3923.235,3,4,4,Loyal
C0988,16,14,2417.7174999999997,4,5,4,Champions
C0989,3,4,790.0825,5,3,2,Loyal
C0990,106,3,667.2460000000001,2,2,2,Hibernating
C0991,102,9,3156.398,2,4,4,At Risk
C0992,80,5,1350.94,2,3,3,Regular
C0993,342,5,1464.5625,1,3,3,Regular
C0994,35,2,356.004,3,2,1,Regular
C0995,31,8,3141.712,3,4,4,Loyal
C0996,54,2,333.79600000000005,2,2,1,Hibernating
C0997,86,1,159.19,2,1,1,Hibernating
C0998,24,26,4181.4265,4,5,4,Champions
C0999,17,8,2337.5969999999998,4,4,4,Champions
